Date,SPY
2016-09-02,186.0104217529297
2016-09-06,186.57264709472656
2016-09-07,186.55557250976562
2016-09-08,186.1297149658203
2016-09-09,181.67478942871094
2016-09-12,184.2812957763672
2016-09-13,181.63214111328125
2016-09-14,181.56399536132812
2016-09-15,183.37835693359375
2016-09-16,182.66954040527344
2016-09-19,182.70372009277344
2016-09-20,182.71224975585938
2016-09-21,184.76699829101562
2016-09-22,185.9312744140625
2016-09-23,184.91250610351562
2016-09-26,183.41432189941406
2016-09-27,184.55294799804688
2016-09-28,185.468994140625
2016-09-29,183.79095458984375
2016-09-30,185.1779327392578
2016-10-03,184.73272705078125
2016-10-04,183.79095458984375
2016-10-05,184.6042938232422
2016-10-06,184.73272705078125
2016-10-07,184.09918212890625
2016-10-10,185.05807495117188
2016-10-11,182.72084045410156
2016-10-12,182.9605712890625
2016-10-13,182.3612823486328
2016-10-14,182.4554443359375
2016-10-17,181.8219757080078
2016-10-18,182.9605712890625
2016-10-19,183.4486083984375
2016-10-20,183.10609436035156
2016-10-21,183.19174194335938
2016-10-24,183.9707794189453
2016-10-25,183.35433959960938
2016-10-26,182.9862518310547
2016-10-27,182.498291015625
2016-10-28,181.95892333984375
2016-10-31,181.96743774414062
2016-11-01,180.6490478515625
2016-11-02,179.56173706054688
2016-11-03,178.73988342285156
2016-11-04,178.54298400878906
2016-11-07,182.4811553955078
2016-11-08,183.3030242919922
2016-11-09,185.2463836669922
2016-11-10,185.70872497558594
2016-11-11,185.28062438964844
2016-11-14,185.42616271972656
2016-11-15,186.87303161621094
2016-11-16,186.52197265625
2016-11-17,187.4808349609375
2016-11-18,187.06130981445312
2016-11-21,188.47390747070312
2016-11-22,188.8420867919922
2016-11-23,188.9447784423828
2016-11-25,189.64686584472656
2016-11-28,188.75650024414062
2016-11-29,189.12460327148438
2016-11-30,188.67080688476562
2016-12-01,187.9774169921875
2016-12-02,188.07156372070312
2016-12-05,189.20159912109375
2016-12-06,189.80093383789062
2016-12-07,192.28367614746094
2016-12-08,192.75454711914062
2016-12-09,193.9188232421875
2016-12-12,193.6962432861328
2016-12-13,194.98898315429688
2016-12-14,193.3795166015625
2016-12-15,194.17567443847656
2016-12-16,193.79586791992188
2016-12-19,194.21786499023438
2016-12-20,194.9671173095703
2016-12-21,194.42453002929688
2016-12-22,194.08871459960938
2016-12-23,194.3728790283203
2016-12-27,194.8551483154297
2016-12-28,193.24472045898438
2016-12-29,193.20172119140625
2016-12-30,192.4955291748047
2017-01-03,193.9681396484375
2017-01-04,195.12208557128906
2017-01-05,194.9671173095703
2017-01-06,195.66464233398438
2017-01-09,195.018798828125
2017-01-10,195.018798828125
2017-01-11,195.56991577148438
2017-01-12,195.07904052734375
2017-01-13,195.52685546875
2017-01-17,194.83790588378906
2017-01-18,195.26852416992188
2017-01-19,194.5450897216797
2017-01-20,195.2598876953125
2017-01-23,194.7517852783203
2017-01-24,196.00050354003906
2017-01-25,197.69699096679688
2017-01-26,197.49024963378906
2017-01-27,197.1802978515625
2017-01-30,195.95742797851562
2017-01-31,195.940185546875
2017-02-01,196.01773071289062
2017-02-02,196.14688110351562
2017-02-03,197.4989013671875
2017-02-06,197.14581298828125
2017-02-07,197.1544189453125
2017-02-08,197.41282653808594
2017-02-09,198.58399963378906
2017-02-10,199.3676300048828
2017-02-13,200.4526824951172
2017-02-14,201.25360107421875
2017-02-15,202.30419921875
2017-02-16,202.13198852539062
2017-02-17,202.45059204101562
2017-02-21,203.65625
2017-02-22,203.4753875732422
2017-02-23,203.6131591796875
2017-02-24,203.87152099609375
2017-02-27,204.190185546875
2017-02-28,203.63900756835938
2017-03-01,206.4894561767578
2017-03-02,205.18907165527344
2017-03-03,205.3182373046875
2017-03-06,204.70687866210938
2017-03-07,204.095458984375
2017-03-08,203.7164764404297
2017-03-09,203.97491455078125
2017-03-10,204.68960571289062
2017-03-13,204.79296875
2017-03-14,204.00929260253906
2017-03-15,205.77467346191406
2017-03-16,205.3699188232422
2017-03-17,205.0093231201172
2017-03-20,204.7843780517578
2017-03-21,202.15505981445312
2017-03-22,202.63075256347656
2017-03-23,202.41453552246094
2017-03-24,202.2675018310547
2017-03-27,202.05990600585938
2017-03-28,203.5303192138672
2017-03-29,203.7205352783203
2017-03-30,204.3692169189453
2017-03-31,203.8934783935547
2017-04-03,203.53892517089844
2017-04-04,203.66860961914062
2017-04-05,203.063232421875
2017-04-06,203.63409423828125
2017-04-07,203.42649841308594
2017-04-10,203.5475616455078
2017-04-11,203.305419921875
2017-04-12,202.41453552246094
2017-04-13,201.09988403320312
2017-04-17,202.88157653808594
2017-04-18,202.27613830566406
2017-04-19,201.90419006347656
2017-04-20,203.5475616455078
2017-04-21,202.89889526367188
2017-04-24,205.13038635253906
2017-04-25,206.32388305664062
2017-04-26,206.1941680908203
2017-04-27,206.3671417236328
2017-04-28,205.91744995117188
2017-05-01,206.4364013671875
2017-05-02,206.51419067382812
2017-05-03,206.26336669921875
2017-05-04,206.50550842285156
2017-05-05,207.3185577392578
2017-05-08,207.28399658203125
2017-05-09,207.09373474121094
2017-05-10,207.46559143066406
2017-05-11,207.04176330566406
2017-05-12,206.69581604003906
2017-05-15,207.83755493164062
2017-05-16,207.647216796875
2017-05-17,203.9627227783203
2017-05-18,204.7843780517578
2017-05-19,206.11631774902344
2017-05-22,207.16285705566406
2017-05-23,207.6212921142578
2017-05-24,208.10560607910156
2017-05-25,209.10025024414062
2017-05-26,209.0570526123047
2017-05-30,208.87542724609375
2017-05-31,208.82347106933594
2017-06-01,210.48411560058594
2017-06-02,211.18472290039062
2017-06-05,211.029052734375
2017-06-06,210.35440063476562
2017-06-07,210.74363708496094
2017-06-08,210.84739685058594
2017-06-09,210.5273895263672
2017-06-12,210.48411560058594
2017-06-13,211.51339721679688
2017-06-14,211.24526977539062
2017-06-15,210.83868408203125
2017-06-16,210.88478088378906
2017-06-19,212.6404266357422
2017-06-20,211.2063751220703
2017-06-21,211.154296875
2017-06-22,211.0586700439453
2017-06-23,211.31068420410156
2017-06-26,211.44969177246094
2017-06-27,209.74623107910156
2017-06-28,211.62359619140625
2017-06-29,209.76361083984375
2017-06-30,210.15476989746094
2017-07-03,210.51112365722656
2017-07-05,210.997802734375
2017-07-06,209.068359375
2017-07-07,210.4241485595703
2017-07-10,210.65017700195312
2017-07-11,210.49371337890625
2017-07-12,212.0754852294922
2017-07-13,212.4318389892578
2017-07-14,213.42269897460938
2017-07-17,213.3966064453125
2017-07-18,213.50953674316406
2017-07-19,214.66552734375
2017-07-20,214.7611083984375
2017-07-21,214.56996154785156
2017-07-24,214.51776123046875
2017-07-25,215.03924560546875
2017-07-26,215.04791259765625
2017-07-27,214.8480682373047
2017-07-28,214.5959930419922
2017-07-31,214.47430419921875
2017-08-01,214.9523162841797
2017-08-02,215.05657958984375
2017-08-03,214.6394805908203
2017-08-04,215.03054809570312
2017-08-07,215.4303436279297
2017-08-08,214.90016174316406
2017-08-09,214.8915252685547
2017-08-10,211.85821533203125
2017-08-11,212.1710968017578
2017-08-14,214.2744140625
2017-08-15,214.2483673095703
2017-08-16,214.62210083007812
2017-08-17,211.27590942382812
2017-08-18,210.94561767578125
2017-08-21,211.11077880859375
2017-08-22,213.31837463378906
2017-08-23,212.55355834960938
2017-08-24,212.0581512451172
2017-08-25,212.55355834960938
2017-08-28,212.56224060058594
2017-08-29,212.80557250976562
2017-08-30,213.81378173828125
2017-08-31,215.10003662109375
2017-09-01,215.4042510986328
2017-09-05,213.85723876953125
2017-09-06,214.58726501464844
2017-09-07,214.56118774414062
2017-09-08,214.30917358398438
2017-09-11,216.59494018554688
2017-09-12,217.32504272460938
2017-09-13,217.42933654785156
2017-09-14,217.3597869873047
2017-09-15,217.6524200439453
2017-09-18,218.1153564453125
2017-09-19,218.333740234375
2017-09-20,218.4123077392578
2017-09-21,217.82708740234375
2017-09-22,217.87078857421875
2017-09-25,217.42530822753906
2017-09-26,217.55633544921875
2017-09-27,218.40359497070312
2017-09-28,218.6656036376953
2017-09-29,219.4342498779297
2017-10-02,220.38629150390625
2017-10-03,220.85797119140625
2017-10-04,221.11996459960938
2017-10-05,222.43014526367188
2017-10-06,222.17681884765625
2017-10-09,221.80996704101562
2017-10-10,222.39523315429688
2017-10-11,222.74459838867188
2017-10-12,222.4126434326172
2017-10-13,222.68344116210938
2017-10-16,222.9804229736328
2017-10-17,223.13760375976562
2017-10-18,223.3560028076172
2017-10-19,223.4171142578125
2017-10-20,224.57003784179688
2017-10-23,223.69656372070312
2017-10-24,224.0896759033203
2017-10-25,222.9804229736328
2017-10-26,223.26861572265625
2017-10-27,225.0941162109375
2017-10-30,224.255615234375
2017-10-31,224.60498046875
2017-11-01,224.90194702148438
2017-11-02,224.98934936523438
2017-11-03,225.74050903320312
2017-11-06,226.08981323242188
2017-11-07,225.93260192871094
2017-11-08,226.3169403076172
2017-11-09,225.4959259033203
2017-11-10,225.42604064941406
2017-11-13,225.63563537597656
2017-11-14,225.11158752441406
2017-11-15,223.98486328125
2017-11-16,225.8889617919922
2017-11-17,225.22508239746094
2017-11-20,225.60946655273438
2017-11-21,227.08555603027344
2017-11-22,226.88467407226562
2017-11-24,227.40866088867188
2017-11-27,227.29513549804688
2017-11-28,229.60101318359375
2017-11-29,229.46133422851562
2017-11-30,231.47021484375
2017-12-01,230.98989868164062
2017-12-04,230.7103271484375
2017-12-05,229.8805694580078
2017-12-06,229.92420959472656
2017-12-07,230.64920043945312
2017-12-08,231.90696716308594
2017-12-11,232.60568237304688
2017-12-12,233.0162353515625
2017-12-13,232.99000549316406
2017-12-14,232.0379638671875
2017-12-15,233.97018432617188
2017-12-18,235.45396423339844
2017-12-19,234.54966735839844
2017-12-20,234.4267578125
2017-12-21,234.9095916748047
2017-12-22,234.84817504882812
2017-12-26,234.5671844482422
2017-12-27,234.6813507080078
2017-12-28,235.16415405273438
2017-12-29,234.2775115966797
2018-01-02,235.9542694091797
2018-01-03,237.4467010498047
2018-01-04,238.447509765625
2018-01-05,240.0365447998047
2018-01-08,240.47549438476562
2018-01-09,241.01976013183594
2018-01-10,240.65103149414062
2018-01-11,242.40692138671875
2018-01-12,243.9871368408203
2018-01-16,243.1531524658203
2018-01-17,245.470703125
2018-01-18,245.05812072753906
2018-01-19,246.17308044433594
2018-01-22,248.17471313476562
2018-01-23,248.70147705078125
2018-01-24,248.60487365722656
2018-01-25,248.71018981933594
2018-01-26,251.58984375
2018-01-29,249.92176818847656
2018-01-30,247.3582000732422
2018-01-31,247.48117065429688
2018-02-01,247.20025634765625
2018-02-02,241.81874084472656
2018-02-05,231.7052459716797
2018-02-06,236.27035522460938
2018-02-07,234.9885711669922
2018-02-08,226.1744384765625
2018-02-09,229.57192993164062
2018-02-12,232.943115234375
2018-02-13,233.5225372314453
2018-02-14,236.67417907714844
2018-02-15,239.69410705566406
2018-02-16,239.76443481445312
2018-02-20,238.26319885253906
2018-02-21,237.07798767089844
2018-02-22,237.38522338867188
2018-02-23,241.1690673828125
2018-02-26,243.9695587158203
2018-02-27,240.9232177734375
2018-02-28,238.48275756835938
2018-03-01,235.01499938964844
2018-03-02,236.22647094726562
2018-03-05,238.95677185058594
2018-03-06,239.5625
2018-03-07,239.47459411621094
2018-03-08,240.63351440429688
2018-03-09,244.82107543945312
2018-03-12,244.51394653320312
2018-03-13,242.93359375
2018-03-14,241.68698120117188
2018-03-15,241.42364501953125
2018-03-16,241.68545532226562
2018-03-19,238.41534423828125
2018-03-20,238.82086181640625
2018-03-21,238.36245727539062
2018-03-22,232.40403747558594
2018-03-23,227.45046997070312
2018-03-26,233.67332458496094
2018-03-27,229.69813537597656
2018-03-28,229.01943969726562
2018-03-29,231.9457244873047
2018-04-02,226.93922424316406
2018-04-03,229.8479461669922
2018-04-04,232.30715942382812
2018-04-05,234.1404571533203
2018-04-06,228.92247009277344
2018-04-09,230.05078125
2018-04-10,233.70860290527344
2018-04-11,232.48342895507812
2018-04-12,234.3960418701172
2018-04-13,233.70860290527344
2018-04-16,235.63009643554688
2018-04-17,238.15081787109375
2018-04-18,238.3271942138672
2018-04-19,237.00511169433594
2018-04-20,234.995361328125
2018-04-23,234.96018981933594
2018-04-24,231.79591369628906
2018-04-25,232.36886596679688
2018-04-26,234.7310028076172
2018-04-27,234.9513702392578
2018-04-30,233.14443969726562
2018-05-01,233.55873107910156
2018-05-02,231.98980712890625
2018-05-03,231.47853088378906
2018-05-04,234.4754180908203
2018-05-07,235.26870727539062
2018-05-08,235.26870727539062
2018-05-09,237.54273986816406
2018-05-10,239.763916015625
2018-05-11,240.4955596923828
2018-05-14,240.61007690429688
2018-05-15,238.9529571533203
2018-05-16,239.95787048339844
2018-05-17,239.7551727294922
2018-05-18,239.15577697753906
2018-05-21,240.95384216308594
2018-05-22,240.28390502929688
2018-05-23,240.94505310058594
2018-05-24,240.45140075683594
2018-05-25,239.87852478027344
2018-05-29,237.1196746826172
2018-05-30,240.28390502929688
2018-05-31,238.81204223632812
2018-06-01,241.15664672851562
2018-06-04,242.30242919921875
2018-06-05,242.478759765625
2018-06-06,244.5059356689453
2018-06-07,244.47947692871094
2018-06-08,245.2023162841797
2018-06-11,245.5283966064453
2018-06-12,245.84567260742188
2018-06-13,245.06126403808594
2018-06-14,245.6782684326172
2018-06-15,245.3648681640625
2018-06-18,244.86012268066406
2018-06-19,243.9217071533203
2018-06-20,244.3378448486328
2018-06-21,242.80613708496094
2018-06-22,243.24879455566406
2018-06-25,239.93748474121094
2018-06-26,240.46868896484375
2018-06-27,238.47662353515625
2018-06-28,239.840087890625
2018-06-29,240.18540954589844
2018-07-02,240.69891357421875
2018-07-03,239.84893798828125
2018-07-05,241.80563354492188
2018-07-06,243.85086059570312
2018-07-09,246.04656982421875
2018-07-10,246.9319305419922
2018-07-11,245.12582397460938
2018-07-12,247.34812927246094
2018-07-13,247.54286193847656
2018-07-16,247.32147216796875
2018-07-17,248.32199096679688
2018-07-18,248.8443603515625
2018-07-19,247.90589904785156
2018-07-20,247.62252807617188
2018-07-23,248.08291625976562
2018-07-24,249.33131408691406
2018-07-25,251.45628356933594
2018-07-26,250.86294555664062
2018-07-27,249.16322326660156
2018-07-30,247.86154174804688
2018-07-31,249.0834503173828
2018-08-01,248.66726684570312
2018-08-02,250.02191162109375
2018-08-03,251.09327697753906
2018-08-06,252.0140838623047
2018-08-07,252.84632873535156
2018-08-08,252.7399444580078
2018-08-09,252.3948211669922
2018-08-10,250.70375061035156
2018-08-13,249.7651824951172
2018-08-14,251.35882568359375
2018-08-15,249.4818878173828
2018-08-16,251.5005645751953
2018-08-17,252.38584899902344
2018-08-20,252.92596435546875
2018-08-21,253.51910400390625
2018-08-22,253.36859130859375
2018-08-23,253.0322265625
2018-08-24,254.55503845214844
2018-08-27,256.5648498535156
2018-08-28,256.6888427734375
2018-08-29,258.0700378417969
2018-08-30,257.0251770019531
2018-08-31,257.03424072265625
2018-09-04,256.59136962890625
2018-09-05,255.90086364746094
2018-09-06,255.13055419921875
2018-09-07,254.6347198486328
2018-09-10,255.07745361328125
2018-09-11,255.91854858398438
2018-09-12,255.9804229736328
2018-09-13,257.4945373535156
2018-09-14,257.53875732421875
2018-09-17,256.1752624511719
2018-09-18,257.5653991699219
2018-09-19,257.83978271484375
2018-09-20,259.9292297363281
2018-09-21,259.6917419433594
2018-09-24,258.8290710449219
2018-09-25,258.5890197753906
2018-09-26,257.8153381347656
2018-09-27,258.5356750488281
2018-09-28,258.5623779296875
2018-10-01,259.4606018066406
2018-10-02,259.3094177246094
2018-10-03,259.45159912109375
2018-10-04,257.4239501953125
2018-10-05,255.9831085205078
2018-10-08,255.9831085205078
2018-10-09,255.60958862304688
2018-10-10,247.5161590576172
2018-10-11,242.06422424316406
2018-10-12,245.42605590820312
2018-10-15,244.04754638671875
2018-10-16,249.38389587402344
2018-10-17,249.42828369140625
2018-10-18,245.82632446289062
2018-10-19,245.6929168701172
2018-10-22,244.59010314941406
2018-10-23,243.34486389160156
2018-10-24,235.97189331054688
2018-10-25,240.2054443359375
2018-10-26,235.98077392578125
2018-10-29,234.6734619140625
2018-10-30,238.1509246826172
2018-10-31,240.6945343017578
2018-11-01,243.2560577392578
2018-11-02,241.815185546875
2018-11-05,243.14923095703125
2018-11-06,244.68795776367188
2018-11-07,249.9263916015625
2018-11-08,249.4727783203125
2018-11-09,247.03590393066406
2018-11-12,242.41993713378906
2018-11-13,241.9663848876953
2018-11-14,240.3121337890625
2018-11-15,242.8201141357422
2018-11-16,243.45164489746094
2018-11-19,239.33380126953125
2018-11-20,234.90460205078125
2018-11-21,235.70506286621094
2018-11-23,234.1309051513672
2018-11-26,237.91079711914062
2018-11-27,238.71121215820312
2018-11-28,244.2075958251953
2018-11-29,243.67405700683594
2018-11-30,245.1592559814453
2018-12-03,248.4054718017578
2018-12-04,240.3565216064453
2018-12-06,239.99192810058594
2018-12-07,234.4154815673828
2018-12-10,234.8602294921875
2018-12-11,234.91351318359375
2018-12-12,236.0963592529297
2018-12-13,236.0164031982422
2018-12-14,231.65835571289062
2018-12-17,227.1135711669922
2018-12-18,226.86460876464844
2018-12-19,223.46717834472656
2018-12-20,219.82955932617188
2018-12-21,215.32530212402344
2018-12-24,209.6358184814453
2018-12-26,220.2276153564453
2018-12-27,221.9183807373047
2018-12-28,221.63211059570312
2018-12-31,223.57337951660156
2019-01-02,223.80593872070312
2019-01-03,218.46536254882812
2019-01-04,225.78297424316406
2019-01-07,227.56320190429688
2019-01-08,229.70123291015625
2019-01-09,230.77476501464844
2019-01-10,231.58880615234375
2019-01-11,231.67828369140625
2019-01-14,230.2648468017578
2019-01-15,232.90383911132812
2019-01-16,233.46743774414062
2019-01-17,235.2387237548828
2019-01-18,238.3697509765625
2019-01-22,235.14920043945312
2019-01-23,235.6412353515625
2019-01-24,235.76654052734375
2019-01-25,237.76144409179688
2019-01-28,235.95440673828125
2019-01-29,235.6412353515625
2019-01-30,239.37167358398438
2019-01-31,241.473876953125
2019-02-01,241.59022521972656
2019-02-04,243.2899169921875
2019-02-05,244.30975341796875
2019-02-06,243.98770141601562
2019-02-07,241.66180419921875
2019-02-08,241.9569854736328
2019-02-11,242.09117126464844
2019-02-12,245.20437622070312
2019-02-13,246.00045776367188
2019-02-14,245.45477294921875
2019-02-15,248.1295928955078
2019-02-19,248.55899047851562
2019-02-20,249.05987548828125
2019-02-21,248.17434692382812
2019-02-22,249.71299743652344
2019-02-25,250.0529327392578
2019-02-26,249.8740234375
2019-02-27,249.7667236328125
2019-02-28,249.30149841308594
2019-03-01,250.85804748535156
2019-03-04,249.94557189941406
2019-03-05,249.60565185546875
2019-03-06,248.09381103515625
2019-03-07,246.01840209960938
2019-03-08,245.52630615234375
2019-03-11,249.0867919921875
2019-03-12,250.0260772705078
2019-03-13,251.68106079101562
2019-03-14,251.5200653076172
2019-03-15,252.76271057128906
2019-03-18,253.67906188964844
2019-03-19,253.74209594726562
2019-03-20,252.9783172607422
2019-03-21,255.83563232421875
2019-03-22,250.91175842285156
2019-03-25,250.72311401367188
2019-03-26,252.59194946289062
2019-03-27,251.27117919921875
2019-03-28,252.22357177734375
2019-03-29,253.81394958496094
2019-04-01,256.823974609375
2019-04-02,256.9498291015625
2019-04-03,257.3541259765625
2019-04-04,258.0370788574219
2019-04-05,259.28594970703125
2019-04-08,259.4836120605469
2019-04-09,258.1538391113281
2019-04-10,259.0343933105469
2019-04-11,258.9624328613281
2019-04-12,260.714599609375
2019-04-15,260.54388427734375
2019-04-16,260.714599609375
2019-04-17,260.07666015625
2019-04-18,260.5887756347656
2019-04-22,260.81341552734375
2019-04-23,263.1585388183594
2019-04-24,262.57452392578125
2019-04-25,262.4127502441406
2019-04-26,263.6347351074219
2019-04-29,264.04815673828125
2019-04-30,264.1828918457031
2019-05-01,262.197265625
2019-05-02,261.631103515625
2019-05-03,264.19189453125
2019-05-06,263.10467529296875
2019-05-07,258.71087646484375
2019-05-08,258.3514404296875
2019-05-09,257.56976318359375
2019-05-10,258.8636779785156
2019-05-13,252.35830688476562
2019-05-14,254.64059448242188
2019-05-15,256.132080078125
2019-05-16,258.5042724609375
2019-05-17,256.8329772949219
2019-05-20,255.13475036621094
2019-05-21,257.4350891113281
2019-05-22,256.6443176269531
2019-05-23,253.50848388671875
2019-05-24,254.08355712890625
2019-05-28,251.72042846679688
2019-05-29,250.0311737060547
2019-05-30,250.7140655517578
2019-05-31,247.3356475830078
2019-06-03,246.70663452148438
2019-06-04,252.0618438720703
2019-06-05,254.24522399902344
2019-06-06,255.8984832763672
2019-06-07,258.4592590332031
2019-06-10,259.6452331542969
2019-06-11,259.5824890136719
2019-06-12,259.1241760253906
2019-06-13,260.1934814453125
2019-06-14,259.90594482421875
2019-06-17,260.0047302246094
2019-06-18,262.72723388671875
2019-06-19,263.3203125
2019-06-20,265.8361511230469
2019-06-21,265.44970703125
2019-06-24,265.1246643066406
2019-06-25,262.5243225097656
2019-06-26,262.26251220703125
2019-06-27,263.1925048828125
2019-06-28,264.5468444824219
2019-07-01,266.94854736328125
2019-07-02,267.6436767578125
2019-07-03,269.7835388183594
2019-07-05,269.4765930175781
2019-07-08,267.9958801269531
2019-07-09,268.3299560546875
2019-07-10,269.612060546875
2019-07-11,270.24407958984375
2019-07-12,271.4539489746094
2019-07-15,271.544189453125
2019-07-16,270.6684875488281
2019-07-17,268.8265380859375
2019-07-18,269.81060791015625
2019-07-19,268.3119201660156
2019-07-22,268.9710388183594
2019-07-23,270.8941345214844
2019-07-24,272.1672668457031
2019-07-25,270.8670959472656
2019-07-26,272.6819152832031
2019-07-29,272.18536376953125
2019-07-30,271.5172119140625
2019-07-31,268.5466003417969
2019-08-01,266.2081298828125
2019-08-02,264.20379638671875
2019-08-05,256.25830078125
2019-08-06,259.8517761230469
2019-08-07,260.0052795410156
2019-08-08,265.1065979003906
2019-08-09,263.3009033203125
2019-08-12,260.0955810546875
2019-08-13,264.140625
2019-08-14,256.33056640625
2019-08-15,257.0076599121094
2019-08-16,260.79986572265625
2019-08-19,263.94189453125
2019-08-20,261.9194641113281
2019-08-21,264.0502624511719
2019-08-22,263.96893310546875
2019-08-23,257.1883239746094
2019-08-26,260.03240966796875
2019-08-27,259.01220703125
2019-08-28,260.83599853515625
2019-08-29,264.1676330566406
2019-08-30,264.0502624511719
2019-09-03,262.5062561035156
2019-09-04,265.48577880859375
2019-09-05,268.89874267578125
2019-09-06,269.1063537597656
2019-09-09,269.241943359375
2019-09-10,269.17864990234375
2019-09-11,271.0927734375
2019-09-12,272.03179931640625
2019-09-13,271.8512268066406
2019-09-16,271.0115661621094
2019-09-17,271.6978454589844
2019-09-18,271.8602600097656
2019-09-19,271.8421936035156
2019-09-20,270.55780029296875
2019-09-23,270.49432373046875
2019-09-24,268.371826171875
2019-09-25,269.9591064453125
2019-09-26,269.396728515625
2019-09-27,267.9455261230469
2019-09-30,269.1882019042969
2019-10-01,265.9861145019531
2019-10-02,261.2876892089844
2019-10-03,263.42828369140625
2019-10-04,266.9930725097656
2019-10-07,265.8410339355469
2019-10-08,261.7138977050781
2019-10-09,264.19927978515625
2019-10-10,265.9861145019531
2019-10-11,268.7436828613281
2019-10-14,268.4443054199219
2019-10-15,271.10205078125
2019-10-16,270.6666259765625
2019-10-17,271.46478271484375
2019-10-18,270.276611328125
2019-10-21,272.1089172363281
2019-10-22,271.2199401855469
2019-10-23,272.0090637207031
2019-10-24,272.4534606933594
2019-10-25,273.56915283203125
2019-10-28,275.1112365722656
2019-10-29,275.02960205078125
2019-10-30,275.8731689453125
2019-10-31,275.1383972167969
2019-11-01,277.6872863769531
2019-11-04,278.80291748046875
2019-11-05,278.4946594238281
2019-11-06,278.55804443359375
2019-11-07,279.5376281738281
2019-11-08,280.22711181640625
2019-11-11,279.69189453125
2019-11-12,280.281494140625
2019-11-13,280.3722229003906
2019-11-14,280.7803649902344
2019-11-15,282.8121337890625
2019-11-18,283.0208740234375
2019-11-19,282.9390869140625
2019-11-20,281.8869934082031
2019-11-21,281.4334411621094
2019-11-22,282.0593566894531
2019-11-25,284.24530029296875
2019-11-26,284.8892822265625
2019-11-27,286.1592712402344
2019-11-29,285.0979919433594
2019-12-02,282.6761474609375
2019-12-03,280.7803649902344
2019-12-04,282.5128173828125
2019-12-05,283.0208740234375
2019-12-06,285.6059265136719
2019-12-09,284.7078552246094
2019-12-10,284.3905029296875
2019-12-11,285.19769287109375
2019-12-12,287.65594482421875
2019-12-13,287.8282165527344
2019-12-16,289.8055725097656
2019-12-17,289.8691101074219
2019-12-18,289.88726806640625
2019-12-19,291.0754699707031
2019-12-20,292.3515930175781
2019-12-23,292.7983093261719
2019-12-24,292.80743408203125
2019-12-26,294.36614990234375
2019-12-27,294.2929992675781
2019-12-30,292.6706237792969
2019-12-31,293.38165283203125
2020-01-02,296.125244140625
2020-01-03,293.88299560546875
2020-01-06,295.00408935546875
2020-01-07,294.17462158203125
2020-01-08,295.7424621582031
2020-01-09,297.747802734375
2020-01-10,296.8908996582031
2020-01-13,298.9327697753906
2020-01-14,298.47705078125
2020-01-15,299.1514892578125
2020-01-16,301.6399841308594
2020-01-17,302.578857421875
2020-01-21,301.9862976074219
2020-01-22,302.0228271484375
2020-01-23,302.36920166015625
2020-01-24,299.6803283691406
2020-01-27,294.8764953613281
2020-01-28,297.9666442871094
2020-01-29,297.7204895019531
2020-01-30,298.6866149902344
2020-01-31,293.26318359375
2020-02-03,295.4416809082031
2020-02-04,299.9445495605469
2020-02-05,303.4083251953125
2020-02-06,304.4292297363281
2020-02-07,302.80682373046875
2020-02-10,305.0672912597656
2020-02-11,305.5960388183594
2020-02-12,307.5648193359375
2020-02-13,307.2366943359375
2020-02-14,307.7288513183594
2020-02-18,306.93585205078125
2020-02-19,308.40350341796875
2020-02-20,307.136474609375
2020-02-21,303.9735107421875
2020-02-24,293.8920593261719
2020-02-25,284.98651123046875
2020-02-26,283.9382019042969
2020-02-27,271.1861267089844
2020-02-28,270.0467224121094
2020-03-02,281.74151611328125
2020-03-03,273.6745910644531
2020-03-04,285.1778564453125
2020-03-05,275.6981506347656
2020-03-06,271.1405029296875
2020-03-09,249.96600341796875
2020-03-10,262.90045166015625
2020-03-11,250.08441162109375
2020-03-12,226.15708923339844
2020-03-13,245.49038696289062
2020-03-16,218.62796020507812
2020-03-17,230.4320526123047
2020-03-18,218.76466369628906
2020-03-19,219.22952270507812
2020-03-20,209.7820281982422
2020-03-23,204.4182891845703
2020-03-24,222.939208984375
2020-03-25,226.2766571044922
2020-03-26,239.48890686035156
2020-03-27,232.35552978515625
2020-03-30,239.90151977539062
2020-03-31,236.32565307617188
2020-04-01,225.68984985351562
2020-04-02,230.89773559570312
2020-04-03,227.56028747558594
2020-04-06,242.84463500976562
2020-04-07,243.09222412109375
2020-04-08,251.25242614746094
2020-04-09,255.0758819580078
2020-04-13,252.74696350097656
2020-04-14,260.2012023925781
2020-04-15,254.67242431640625
2020-04-16,255.9010467529297
2020-04-17,262.81427001953125
2020-04-20,258.18408203125
2020-04-21,250.34466552734375
2020-04-22,255.9010467529297
2020-04-23,255.88265991210938
2020-04-24,259.4493713378906
2020-04-27,263.1901550292969
2020-04-28,261.97991943359375
2020-04-29,268.8381652832031
2020-04-30,266.3350830078125
2020-05-01,259.2843017578125
2020-05-04,259.9994201660156
2020-05-05,262.4017333984375
2020-05-06,260.6229248046875
2020-05-07,263.76788330078125
2020-05-08,268.13214111328125
2020-05-11,268.18707275390625
2020-05-12,262.8418273925781
2020-05-13,258.1932678222656
2020-05-14,261.2831115722656
2020-05-15,262.48419189453125
2020-05-18,270.4795227050781
2020-05-19,267.7012634277344
2020-05-20,272.2490539550781
2020-05-21,270.3694152832031
2020-05-22,270.88287353515625
2020-05-26,274.2203369140625
2020-05-27,278.30035400390625
2020-05-28,277.78704833984375
2020-05-29,279.02471923828125
2020-06-01,280.1524658203125
2020-06-02,282.47210693359375
2020-06-03,286.2314147949219
2020-06-04,285.4794921875
2020-06-05,292.79620361328125
2020-06-08,296.3354187011719
2020-06-09,294.1257629394531
2020-06-10,292.4844970703125
2020-06-11,275.6230773925781
2020-06-12,278.9239196777344
2020-06-15,281.5278015136719
2020-06-16,286.946533203125
2020-06-17,285.754638671875
2020-06-18,285.8646240234375
2020-06-19,284.23095703125
2020-06-22,286.05438232421875
2020-06-23,287.3712463378906
2020-06-24,280.040771484375
2020-06-25,283.0429992675781
2020-06-26,276.3202819824219
2020-06-29,280.3815002441406
2020-06-30,283.97308349609375
2020-07-01,285.9622497558594
2020-07-02,287.5370788574219
2020-07-06,291.97576904296875
2020-07-07,288.96435546875
2020-07-08,291.1746520996094
2020-07-09,289.5169372558594
2020-07-10,292.47314453125
2020-07-13,289.9405822753906
2020-07-14,293.697998046875
2020-07-15,296.396240234375
2020-07-16,295.4200134277344
2020-07-17,296.2764587402344
2020-07-20,298.6708984375
2020-07-21,299.3063049316406
2020-07-22,301.010009765625
2020-07-23,297.41845703125
2020-07-24,295.5029296875
2020-07-27,297.6578369140625
2020-07-28,295.76995849609375
2020-07-29,299.4076232910156
2020-07-30,298.3394470214844
2020-07-31,300.6968994140625
2020-08-03,302.787353515625
2020-08-04,303.9569396972656
2020-08-05,305.8446960449219
2020-08-06,307.8892517089844
2020-08-07,308.1102294921875
2020-08-10,309.03125
2020-08-11,306.4802551269531
2020-08-12,310.7532653808594
2020-08-13,310.1914978027344
2020-08-14,310.2007141113281
2020-08-17,311.1860656738281
2020-08-18,311.8583984375
2020-08-19,310.5598449707031
2020-08-20,311.52685546875
2020-08-21,312.6319274902344
2020-08-24,315.7998352050781
2020-08-25,316.9048767089844
2020-08-26,320.0821533203125
2020-08-27,320.7820129394531
2020-08-28,322.8540954589844
2020-08-31,321.6844482421875
2020-09-01,324.7143249511719
2020-09-02,329.4110412597656
2020-09-03,318.0745849609375
2020-09-04,315.47760009765625
2020-09-08,306.85784912109375
2020-09-09,312.91741943359375
2020-09-10,307.48406982421875
2020-09-11,307.640625
2020-09-14,311.6926574707031
2020-09-15,313.26739501953125
2020-09-16,312.02410888671875
2020-09-17,309.2798156738281
2020-09-18,305.71917724609375
2020-09-21,302.316650390625
2020-09-22,305.3955993652344
2020-09-23,298.3131103515625
2020-09-24,299.1083679199219
2020-09-25,303.94403076171875
2020-09-28,308.9922790527344
2020-09-29,307.3094787597656
2020-09-30,309.6394958496094
2020-10-01,311.6273498535156
2020-10-02,308.6686706542969
2020-10-05,314.1423034667969
2020-10-06,309.6764831542969
2020-10-07,315.06689453125
2020-10-08,317.8591613769531
2020-10-09,320.6977844238281
2020-10-12,325.85699462890625
2020-10-13,323.7304382324219
2020-10-14,321.6962585449219
2020-10-15,321.29864501953125
2020-10-16,321.1045227050781
2020-10-19,316.2226257324219
2020-10-20,317.48931884765625
2020-10-21,316.8883056640625
2020-10-22,318.6266174316406
2020-10-23,319.70831298828125
2020-10-26,313.8001708984375
2020-10-27,312.7184143066406
2020-10-28,302.030029296875
2020-10-29,305.0997009277344
2020-10-30,301.91912841796875
2020-11-02,305.30303955078125
2020-11-03,310.6934814453125
2020-11-04,317.63726806640625
2020-11-05,323.83209228515625
2020-11-06,323.75811767578125
2020-11-09,327.8263854980469
2020-11-10,327.3455505371094
2020-11-11,329.77740478515625
2020-11-12,326.5781555175781
2020-11-13,331.09942626953125
2020-11-16,335.2323913574219
2020-11-17,333.42950439453125
2020-11-18,329.41668701171875
2020-11-19,330.8035888671875
2020-11-20,328.53826904296875
2020-11-23,330.5077209472656
2020-11-24,335.8334045410156
2020-11-25,335.3156433105469
2020-11-27,336.2494201660156
2020-11-30,334.7608642578125
2020-12-01,338.4222717285156
2020-12-02,339.1342468261719
2020-12-03,339.041748046875
2020-12-04,341.9635314941406
2020-12-07,341.2608642578125
2020-12-08,342.2593688964844
2020-12-09,339.189697265625
2020-12-10,339.0787658691406
2020-12-11,338.6811828613281
2020-12-14,337.1648254394531
2020-12-15,341.72308349609375
2020-12-16,342.2593688964844
2020-12-17,344.17333984375
2020-12-18,342.79901123046875
2020-12-21,341.5733642578125
2020-12-22,340.9977111816406
2020-12-23,341.30413818359375
2020-12-24,342.6319274902344
2020-12-28,345.57537841796875
2020-12-29,344.9161376953125
2020-12-30,345.4082336425781
2020-12-31,347.1632385253906
2021-01-04,342.4370422363281
2021-01-05,344.79534912109375
2021-01-06,346.8567810058594
2021-01-07,352.01019287109375
2021-01-08,354.015869140625
2021-01-11,351.6294860839844
2021-01-12,351.70379638671875
2021-01-13,352.65087890625
2021-01-14,351.4159240722656
2021-01-15,348.8531799316406
2021-01-19,351.5923156738281
2021-01-20,356.45794677734375
2021-01-21,356.7828674316406
2021-01-22,355.5201110839844
2021-01-25,356.92218017578125
2021-01-26,356.3650207519531
2021-01-27,347.6553039550781
2021-01-28,350.64520263671875
2021-01-29,343.6255187988281
2021-02-01,349.3453063964844
2021-02-02,354.28515625
2021-02-03,354.56365966796875
2021-02-04,358.59356689453125
2021-02-05,360.0049743652344
2021-02-08,362.6048583984375
2021-02-09,362.3633728027344
2021-02-10,362.2055358886719
2021-02-11,362.7904968261719
2021-02-12,364.5826416015625
2021-02-16,364.2669677734375
2021-02-17,364.3504943847656
2021-02-18,362.7998352050781
2021-02-19,362.1590576171875
2021-02-22,359.37353515625
2021-02-23,359.8100280761719
2021-02-24,363.7748107910156
2021-02-25,355.00933837890625
2021-02-26,353.1800842285156
2021-03-01,361.74127197265625
2021-03-02,358.9185485839844
2021-03-03,354.16448974609375
2021-03-04,349.78179931640625
2021-03-05,356.2165222167969
2021-03-08,354.44305419921875
2021-03-09,359.5035095214844
2021-03-10,361.74127197265625
2021-03-11,365.4090881347656
2021-03-12,365.9011535644531
2021-03-15,368.0832824707031
2021-03-16,367.6189880371094
2021-03-17,368.8724670410156
2021-03-18,363.5054931640625
2021-03-19,362.83294677734375
2021-03-22,365.7301330566406
2021-03-23,362.8515930175781
2021-03-24,361.0069885253906
2021-03-25,363.0378723144531
2021-03-26,368.8882751464844
2021-03-29,368.701904296875
2021-03-30,367.7237854003906
2021-03-31,369.21429443359375
2021-04-01,373.2014465332031
2021-04-05,378.5580139160156
2021-04-06,378.3345642089844
2021-04-07,378.7723083496094
2021-04-08,380.5703430175781
2021-04-09,383.3370361328125
2021-04-12,383.4768371582031
2021-04-13,384.6133728027344
2021-04-14,383.29986572265625
2021-04-15,387.41741943359375
2021-04-16,388.71234130859375
2021-04-19,386.80255126953125
2021-04-20,383.9705505371094
2021-04-21,387.6037292480469
2021-04-22,384.0636901855469
2021-04-23,388.22796630859375
2021-04-26,389.0383605957031
2021-04-27,388.9545593261719
2021-04-28,388.8427429199219
2021-04-29,391.3207702636719
2021-04-30,388.74957275390625
2021-05-03,389.5880126953125
2021-05-04,387.18463134765625
2021-05-05,387.3056335449219
2021-05-06,390.39849853515625
2021-05-07,393.23980712890625
2021-05-10,389.3457336425781
2021-05-11,385.8709411621094
2021-05-12,377.6730651855469
2021-05-13,382.20989990234375
2021-05-14,388.0788269042969
2021-05-17,387.0913391113281
2021-05-18,383.7563171386719
2021-05-19,382.7501525878906
2021-05-20,386.8677673339844
2021-05-21,386.551025390625
2021-05-24,390.49169921875
2021-05-25,389.6252746582031
2021-05-26,390.39849853515625
2021-05-27,390.6034851074219
2021-05-28,391.3021545410156
2021-06-01,390.9574279785156
2021-06-02,391.5722961425781
2021-06-03,390.1190185546875
2021-06-04,393.68695068359375
2021-06-07,393.3050231933594
2021-06-08,393.3888244628906
2021-06-09,392.80194091796875
2021-06-10,394.62786865234375
2021-06-11,395.280029296875
2021-06-14,396.1650085449219
2021-06-15,395.43841552734375
2021-06-16,393.23046875
2021-06-17,393.1000671386719
2021-06-18,387.7970275878906
2021-06-21,393.34869384765625
2021-06-22,395.45159912109375
2021-06-23,394.97491455078125
2021-06-24,397.3115539550781
2021-06-25,398.7227783203125
2021-06-28,399.526611328125
2021-06-29,399.7415771484375
2021-06-30,400.07806396484375
2021-07-01,402.2930908203125
2021-07-02,405.3680725097656
2021-07-06,404.6296691894531
2021-07-07,406.0596923828125
2021-07-08,402.7511291503906
2021-07-09,407.05035400390625
2021-07-12,408.5083923339844
2021-07-13,407.1158752441406
2021-07-14,407.7232971191406
2021-07-15,406.3306884765625
2021-07-16,403.14361572265625
2021-07-19,397.1900329589844
2021-07-20,402.8818664550781
2021-07-21,406.14385986328125
2021-07-22,406.9942626953125
2021-07-23,411.18145751953125
2021-07-26,412.1907958984375
2021-07-27,410.312255859375
2021-07-28,410.14398193359375
2021-07-29,411.8450927734375
2021-07-30,409.844970703125
2021-08-02,408.985107421875
2021-08-03,412.3123779296875
2021-08-04,410.2841491699219
2021-08-05,412.88250732421875
2021-08-06,413.5647888183594
2021-08-09,413.22821044921875
2021-08-10,413.7422790527344
2021-08-11,414.7704772949219
2021-08-12,416.0135192871094
2021-08-13,416.7705078125
2021-08-16,417.7518310546875
2021-08-17,415.01336669921875
2021-08-18,410.4710998535156
2021-08-19,411.106689453125
2021-08-20,414.3778381347656
2021-08-23,418.0229797363281
2021-08-24,418.6864929199219
2021-08-25,419.5650634765625
2021-08-26,417.08837890625
2021-08-27,420.81744384765625
2021-08-30,422.66815185546875
2021-08-31,422.0418701171875
2021-09-01,422.26611328125
2021-09-02,423.5653381347656
2021-09-03,423.46240234375
2021-09-07,421.9484558105469
2021-09-08,421.4342956542969
2021-09-09,419.63055419921875
2021-09-10,416.3218994140625
2021-09-13,417.38739013671875
2021-09-14,415.13494873046875
2021-09-15,418.6023864746094
2021-09-16,417.9388122558594
2021-09-17,413.8676452636719
2021-09-20,406.966796875
2021-09-21,406.58233642578125
2021-09-22,410.5484619140625
2021-09-23,415.5365905761719
2021-09-24,416.2210998535156
2021-09-27,415.03033447265625
2021-09-28,406.6667175292969
2021-09-29,407.3512268066406
2021-09-30,402.3724060058594
2021-10-01,407.154296875
2021-10-04,401.903564453125
2021-10-05,406.08544921875
2021-10-06,407.7731018066406
2021-10-07,411.2985534667969
2021-10-08,410.5484619140625
2021-10-11,407.57623291015625
2021-10-12,406.57293701171875
2021-10-13,408.03558349609375
2021-10-14,414.8990783691406
2021-10-15,418.0588684082031
2021-10-18,419.296630859375
2021-10-19,422.5313720703125
2021-10-20,424.19085693359375
2021-10-21,425.2973327636719
2021-10-22,424.8565979003906
2021-10-25,427.1351013183594
2021-10-26,427.51947021484375
2021-10-27,425.6255187988281
2021-10-28,429.7322998046875
2021-10-29,430.6042175292969
2021-11-01,431.344970703125
2021-11-02,433.0889587402344
2021-11-03,435.73309326171875
2021-11-04,437.7864990234375
2021-11-05,439.3055419921875
2021-11-08,439.6805114746094
2021-11-09,438.2272033691406
2021-11-10,434.70172119140625
2021-11-11,434.84234619140625
2021-11-12,438.1240234375
2021-11-15,438.2739562988281
2021-11-16,440.0086364746094
2021-11-17,438.93975830078125
2021-11-18,440.43060302734375
2021-11-19,439.64300537109375
2021-11-22,438.4053039550781
2021-11-23,438.98663330078125
2021-11-24,440.1587219238281
2021-11-26,430.3417053222656
2021-11-29,435.6206359863281
2021-11-30,427.1444091796875
2021-12-01,422.3999938964844
2021-12-02,428.8696594238281
2021-12-03,425.1379089355469
2021-12-06,430.1730041503906
2021-12-07,439.0710754394531
2021-12-08,440.23370361328125
2021-12-09,437.2613525390625
2021-12-10,441.3775329589844
2021-12-13,437.46771240234375
2021-12-14,434.4578857421875
2021-12-15,441.2463073730469
2021-12-16,437.35516357421875
2021-12-17,432.7004089355469
2021-12-20,428.0993347167969
2021-12-21,435.7019348144531
2021-12-22,440.0584411621094
2021-12-23,442.7965087890625
2021-12-27,449.0630187988281
2021-12-28,448.6960144042969
2021-12-29,449.27008056640625
2021-12-30,448.0279846191406
2021-12-31,446.89892578125
2022-01-03,449.4864501953125
2022-01-04,449.3359069824219
2022-01-05,440.70770263671875
2022-01-06,440.2936706542969
2022-01-07,438.5529479980469
2022-01-10,438.0072937011719
2022-01-11,441.9967041015625
2022-01-12,443.19171142578125
2022-01-13,437.0850830078125
2022-01-14,437.2639465332031
2022-01-18,429.5201416015625
2022-01-19,425.06011962890625
2022-01-20,420.3555908203125
2022-01-21,412.1037902832031
2022-01-24,413.85382080078125
2022-01-25,408.8011169433594
2022-01-26,407.77545166015625
2022-01-27,405.76202392578125
2022-01-28,415.8392639160156
2022-01-31,423.328857421875
2022-02-01,426.18927001953125
2022-02-02,430.329345703125
2022-02-03,420.2144470214844
2022-02-04,422.1903076171875
2022-02-07,420.83551025390625
2022-02-08,424.2980651855469
2022-02-09,430.5081481933594
2022-02-10,422.7737731933594
2022-02-11,414.4372253417969
2022-02-14,413.082275390625
2022-02-15,419.74395751953125
2022-02-16,420.2144470214844
2022-02-17,411.23809814453125
2022-02-18,408.5752868652344
2022-02-22,404.1906433105469
2022-02-23,397.0208740234375
2022-02-24,402.9956359863281
2022-02-25,411.8873596191406
2022-02-28,410.8334045410156
2022-03-01,404.57635498046875
2022-03-02,412.01904296875
2022-03-03,409.9678955078125
2022-03-04,406.6370544433594
2022-03-07,394.649658203125
2022-03-08,391.6575622558594
2022-03-09,402.1582336425781
2022-03-10,400.34222412109375
2022-03-11,395.2519226074219
2022-03-14,392.3632507324219
2022-03-15,400.99151611328125
2022-03-16,409.8831787109375
2022-03-17,415.0111999511719
2022-03-18,419.5567626953125
2022-03-21,419.4339599609375
2022-03-22,424.342041015625
2022-03-23,418.87713623046875
2022-03-24,425.1914978027344
2022-03-25,427.26788330078125
2022-03-28,430.30706787109375
2022-03-29,435.63031005859375
2022-03-30,432.9404296875
2022-03-31,426.27691650390625
2022-04-01,427.4850158691406
2022-04-04,431.1470947265625
2022-04-05,425.7011413574219
2022-04-06,421.44439697265625
2022-04-07,423.56805419921875
2022-04-08,422.4354553222656
2022-04-11,415.2150573730469
2022-04-12,413.67657470703125
2022-04-13,418.4147033691406
2022-04-14,413.2046813964844
2022-04-18,413.3746032714844
2022-04-19,420.0475158691406
2022-04-20,419.7360534667969
2022-04-21,413.45947265625
2022-04-22,402.114501953125
2022-04-25,404.4458312988281
2022-04-26,392.7326965332031
2022-04-27,393.8370666503906
2022-04-28,403.78509521484375
2022-04-29,388.863037109375
2022-05-02,391.20367431640625
2022-05-03,392.9970703125
2022-05-04,404.9649353027344
2022-05-05,390.5713195800781
2022-05-06,388.24005126953125
2022-05-09,375.8096618652344
2022-05-10,376.6779479980469
2022-05-11,370.6940612792969
2022-05-12,370.3070373535156
2022-05-13,379.16033935546875
2022-05-16,377.621826171875
2022-05-17,385.3896484375
2022-05-18,369.85394287109375
2022-05-19,367.5887451171875
2022-05-20,367.7491455078125
2022-05-23,374.6298828125
2022-05-24,371.77001953125
2022-05-25,375.0545959472656
2022-05-26,382.54864501953125
2022-05-27,391.93988037109375
2022-05-31,389.74072265625
2022-06-01,386.58831787109375
2022-06-02,393.95025634765625
2022-06-03,387.4849548339844
2022-06-06,388.6646728515625
2022-06-07,392.3929138183594
2022-06-08,388.12677001953125
2022-06-09,378.8960266113281
2022-06-10,367.9096984863281
2022-06-13,353.9407653808594
2022-06-14,352.8742980957031
2022-06-15,357.9049072265625
2022-06-16,346.0597229003906
2022-06-17,346.80572509765625
2022-06-21,355.5361022949219
2022-06-22,354.8915100097656
2022-06-23,358.370361328125
2022-06-24,369.7643127441406
2022-06-27,368.35198974609375
2022-06-28,360.82550048828125
2022-06-29,360.5316467285156
2022-06-30,357.6025085449219
2022-07-01,361.3847961425781
2022-07-05,362.0672302246094
2022-07-06,363.29010009765625
2022-07-07,368.7311706542969
2022-07-08,368.4277648925781
2022-07-11,364.2190246582031
2022-07-12,360.9961242675781
2022-07-13,359.1002502441406
2022-07-14,358.2281799316406
2022-07-15,365.07220458984375
2022-07-18,362.057861328125
2022-07-19,371.8402404785156
2022-07-20,374.21002197265625
2022-07-21,378.02069091796875
2022-07-22,374.513427734375
2022-07-25,374.96844482421875
2022-07-26,370.5321960449219
2022-07-27,380.1535949707031
2022-07-28,384.92156982421875
2022-07-29,390.53326416015625
2022-08-01,389.3767395019531
2022-08-02,386.80792236328125
2022-08-03,392.86517333984375
2022-08-04,392.59979248046875
2022-08-05,391.9361267089844
2022-08-08,391.481201171875
2022-08-09,389.9266052246094
2022-08-10,398.1166076660156
2022-08-11,398.1166076660156
2022-08-12,404.8563537597656
2022-08-15,406.524658203125
2022-08-16,407.3209228515625
2022-08-17,404.42974853515625
2022-08-18,405.605224609375
2022-08-19,400.1546630859375
2022-08-22,391.82244873046875
2022-08-23,390.8744812011719
2022-08-24,392.1257019042969
2022-08-25,397.66162109375
2022-08-26,384.2011413574219
2022-08-29,381.6607360839844
2022-08-30,377.470947265625
2022-08-31,374.5987243652344
2022-09-01,375.7742004394531
2022-09-02,371.81182861328125
2022-09-06,370.4089660644531
2022-09-07,377.0633239746094
2022-09-08,379.5279235839844
2022-09-09,385.4239807128906
2022-09-12,389.5663757324219
2022-09-13,372.6270751953125
2022-09-14,374.0489807128906
2022-09-15,369.80224609375
2022-09-16,366.9810791015625
2022-09-19,369.8270263671875
2022-09-20,365.5818786621094
2022-09-21,359.20477294921875
2022-09-22,356.1875
2022-09-23,350.2196350097656
2022-09-26,346.7550964355469
2022-09-27,345.869873046875
2022-09-28,352.6753234863281
2022-09-29,345.3083190917969
2022-09-30,339.9686584472656
2022-10-03,348.9442443847656
2022-10-04,359.7568359375
2022-10-05,358.91925048828125
2022-10-06,355.2167663574219
2022-10-07,345.3083190917969
2022-10-10,342.6717529296875
2022-10-11,340.5016174316406
2022-10-12,339.3785095214844
2022-10-13,348.33502197265625
2022-10-14,340.39697265625
2022-10-17,349.1441345214844
2022-10-18,353.2464294433594
2022-10-19,350.7431335449219
2022-10-20,347.80206298828125
2022-10-21,356.254150390625
2022-10-24,360.61346435546875
2022-10-25,366.3719787597656
2022-10-26,363.6116638183594
2022-10-27,361.6700439453125
2022-10-28,370.2743835449219
2022-10-31,367.5997314453125
2022-11-01,365.9912414550781
2022-11-02,356.8061828613281
2022-11-03,353.13214111328125
2022-11-04,358.21490478515625
2022-11-07,361.64141845703125
2022-11-08,363.5926513671875
2022-11-09,356.10186767578125
2022-11-10,375.671142578125
2022-11-11,379.3071594238281
2022-11-14,376.0804443359375
2022-11-15,379.2879943847656
2022-11-16,376.39447021484375
2022-11-17,375.2427673339844
2022-11-18,376.94659423828125
2022-11-21,375.5759582519531
2022-11-22,380.63006591796875
2022-11-23,383.0286865234375
2022-11-25,382.9429931640625
2022-11-28,376.83245849609375
2022-11-29,376.1851501464844
2022-11-30,388.03521728515625
2022-12-01,387.7496032714844
2022-12-02,387.3023376464844
2022-12-05,380.3350524902344
2022-12-06,374.85260009765625
2022-12-07,374.2148742675781
2022-12-08,377.14642333984375
2022-12-09,374.3291320800781
2022-12-12,379.72589111328125
2022-12-13,382.6003723144531
2022-12-14,380.1541748046875
2022-12-15,370.85498046875
2022-12-16,366.4765930175781
2022-12-19,363.3689880371094
2022-12-20,363.8662414550781
2022-12-21,369.3069152832031
2022-12-22,364.038330078125
2022-12-23,366.1324157714844
2022-12-27,364.6885681152344
2022-12-28,360.15618896484375
2022-12-29,366.63916015625
2022-12-30,365.6734924316406
2023-01-03,364.1340026855469
2023-01-04,366.94512939453125
2023-01-05,362.75714111328125
2023-01-06,371.0758361816406
2023-01-09,370.865478515625
2023-01-10,373.4663391113281
2023-01-11,378.18988037109375
2023-01-12,379.5668029785156
2023-01-13,381.0392761230469
2023-01-17,380.3412780761719
2023-01-18,374.33642578125
2023-01-19,371.6112976074219
2023-01-20,378.5340881347656
2023-01-23,383.0759582519531
2023-01-24,382.664794921875
2023-01-25,382.8083190917969
2023-01-26,387.0154724121094
2023-01-27,387.9046936035156
2023-01-30,383.0377197265625
2023-01-31,388.669677734375
2023-02-01,392.8003234863281
2023-02-02,398.5183410644531
2023-02-03,394.28240966796875
2023-02-06,391.87286376953125
2023-02-07,396.9979553222656
2023-02-08,392.6569519042969
2023-02-09,389.2528991699219
2023-02-10,390.16131591796875
2023-02-13,394.7413635253906
2023-02-14,394.55975341796875
2023-02-15,395.8410949707031
2023-02-16,390.39080810546875
2023-02-17,389.41546630859375
2023-02-21,381.60345458984375
2023-02-22,381.0775451660156
2023-02-23,383.1046142578125
2023-02-24,379.01220703125
2023-02-27,380.3031005859375
2023-02-28,378.89752197265625
2023-03-01,377.44403076171875
2023-03-02,380.3795166015625
2023-03-03,386.4799499511719
2023-03-06,386.7477111816406
2023-03-07,380.8193664550781
2023-03-08,381.4408874511719
2023-03-09,374.40338134765625
2023-03-10,369.0009460449219
2023-03-13,368.4749755859375
2023-03-14,374.5659484863281
2023-03-15,372.2232971191406
2023-03-16,378.7540588378906
2023-03-17,374.3253173828125
2023-03-20,377.92474365234375
2023-03-21,382.8870849609375
2023-03-22,376.3602294921875
2023-03-23,377.37762451171875
2023-03-24,379.85394287109375
2023-03-27,380.56427001953125
2023-03-28,379.7100524902344
2023-03-29,385.2289733886719
2023-03-30,387.4846496582031
2023-03-31,392.94610595703125
2023-04-03,394.4434814453125
2023-04-04,392.2550354003906
2023-04-05,391.22802734375
2023-04-06,392.754150390625
2023-04-10,393.1572265625
2023-04-11,393.26287841796875
2023-04-12,391.6600036621094
2023-04-13,396.86224365234375
2023-04-14,395.89276123046875
2023-04-17,397.3133544921875
2023-04-18,397.5724792480469
2023-04-19,397.5053405761719
2023-04-20,395.3360900878906
2023-04-21,395.643310546875
2023-04-24,396.0560302734375
2023-04-25,389.7689514160156
2023-04-26,388.1181640625
2023-04-27,395.84478759765625
2023-04-28,399.2233581542969
2023-05-01,398.8202819824219
2023-05-02,394.3378601074219
2023-05-03,391.6311340332031
2023-05-04,388.85723876953125
2023-05-05,396.0560302734375
2023-05-08,396.1615905761719
2023-05-09,394.42425537109375
2023-05-10,396.26715087890625
2023-05-11,395.5760498046875
2023-05-12,395.0577392578125
2023-05-15,396.42071533203125
2023-05-16,393.77154541015625
2023-05-17,398.5515441894531
2023-05-18,402.3908386230469
2023-05-19,401.8052978515625
2023-05-22,401.9685974121094
2023-05-23,397.45733642578125
2023-05-24,394.57781982421875
2023-05-25,397.99481201171875
2023-05-26,403.1490783691406
2023-05-30,403.3027038574219
2023-05-31,401.06634521484375
2023-06-01,404.8768310546875
2023-06-02,410.7318115234375
2023-06-05,409.9447937011719
2023-06-06,410.8374328613281
2023-06-07,409.4168701171875
2023-06-08,411.8932189941406
2023-06-09,412.63232421875
2023-06-12,416.3755798339844
2023-06-13,419.12078857421875
2023-06-14,419.619873046875
2023-06-15,424.82220458984375
2023-06-16,423.3751220703125
2023-06-20,421.1786193847656
2023-06-21,419.0205993652344
2023-06-22,420.5331115722656
2023-06-23,417.3538818359375
2023-06-26,415.6487731933594
2023-06-27,420.2055969238281
2023-06-28,420.4175720214844
2023-06-29,422.07452392578125
2023-06-30,427.05535888671875
2023-07-03,427.5466613769531
2023-07-05,426.91082763671875
2023-07-06,423.5678405761719
2023-07-07,422.4985046386719
2023-07-10,423.5678405761719
2023-07-11,426.2653503417969
2023-07-12,429.69500732421875
2023-07-13,433.1054992675781
2023-07-14,432.8357849121094
2023-07-17,434.338623046875
2023-07-18,437.5660095214844
2023-07-19,438.5390625
2023-07-20,435.62957763671875
2023-07-21,435.62957763671875
2023-07-24,437.57568359375
2023-07-25,438.770263671875
2023-07-26,438.83770751953125
2023-07-27,435.92822265625
2023-07-28,440.19610595703125
2023-07-31,441.0342712402344
2023-08-01,439.7722473144531
2023-08-02,433.6546325683594
2023-08-03,432.4118347167969
2023-08-04,430.4561462402344
2023-08-07,434.21337890625
2023-08-08,432.3251037597656
2023-08-09,429.4349670410156
2023-08-10,429.5890808105469
2023-08-11,429.33856201171875
2023-08-14,431.7085266113281
2023-08-15,426.6796569824219
2023-08-16,423.548583984375
2023-08-17,420.3211975097656
2023-08-18,420.5234680175781
2023-08-21,423.2595520019531
2023-08-22,422.1131286621094
2023-08-23,426.8144836425781
2023-08-24,420.8992004394531
2023-08-25,423.8664855957031
2023-08-28,426.5544128417969
2023-08-29,432.72021484375
2023-08-30,434.5024108886719
2023-08-31,433.8665771484375
2023-09-01,434.67584228515625
2023-09-05,432.7971496582031
2023-09-06,429.88775634765625
2023-09-07,428.5678405761719
2023-09-08,429.21331787109375
2023-09-11,432.0361022949219
2023-09-12,429.6661376953125
2023-09-13,430.1671142578125
2023-09-14,433.876220703125
2023-09-15,428.6487121582031
2023-09-18,428.90008544921875
2023-09-19,428.0105895996094
2023-09-20,424.07574462890625
2023-09-21,417.0665283203125
2023-09-22,416.1287536621094
2023-09-25,417.87860107421875
2023-09-26,411.7394714355469
2023-09-27,411.9037170410156
2023-09-28,414.2917785644531
2023-09-29,413.286376953125
2023-10-02,413.1219177246094
2023-10-03,407.5918884277344
2023-10-04,410.5599365234375
2023-10-05,410.40521240234375
2023-10-06,415.2779235839844
2023-10-09,417.9366455078125
2023-10-10,420.1119079589844
2023-10-11,421.832763671875
2023-10-12,419.2611389160156
2023-10-13,417.1728515625
2023-10-16,421.56207275390625
2023-10-17,421.542724609375
2023-10-18,415.9256591796875
2023-10-19,412.27117919921875
2023-10-20,407.2051696777344
2023-10-23,406.4993591308594
2023-10-24,409.5641784667969
2023-10-25,403.68603515625
2023-10-26,398.8520202636719
2023-10-27,397.04412841796875
2023-10-30,401.79107666015625
2023-10-31,404.3144836425781
2023-11-01,408.6263732910156
2023-11-02,416.4574279785156
2023-11-03,420.2569580078125
2023-11-06,421.2237243652344
2023-11-07,422.42254638671875
2023-11-08,422.73193359375
2023-11-09,419.43511962890625
2023-11-10,425.9803466796875
2023-11-13,425.5743408203125
2023-11-14,433.83074951171875
2023-11-15,434.7491455078125
2023-11-16,435.2809143066406
2023-11-17,435.82232666015625
2023-11-20,439.1771545410156
2023-11-21,438.22003173828125
2023-11-22,439.9118957519531
2023-11-24,440.1826171875
2023-11-27,439.38983154296875
2023-11-28,439.8249206542969
2023-11-29,439.5155029296875
2023-11-30,441.24609375
2023-12-01,443.85638427734375
2023-12-04,441.5264892578125
2023-12-05,441.439453125
2023-12-06,439.6605529785156
2023-12-07,443.0153503417969
2023-12-08,444.919921875
2023-12-11,446.6504821777344
2023-12-12,448.6903991699219
2023-12-13,454.8778991699219
2023-12-14,456.3377990722656
2023-12-15,455.5863952636719
2023-12-18,458.149169921875
2023-12-19,460.93511962890625
2023-12-20,454.54779052734375
2023-12-21,458.85772705078125
2023-12-22,459.7799377441406
2023-12-26,461.7213134765625
2023-12-27,462.55621337890625
2023-12-28,462.7309265136719
2023-12-29,461.39129638671875
2024-01-02,458.8092041015625
2024-01-03,455.0622863769531
2024-01-04,453.5964050292969
2024-01-05,454.2177429199219
2024-01-08,460.70208740234375
2024-01-09,460.003173828125
2024-01-10,462.6047058105469
2024-01-11,462.4009094238281
2024-01-12,462.72125244140625
2024-01-16,461.0224609375
2024-01-17,458.4598388671875
2024-01-18,462.5367736816406
2024-01-19,468.3028564453125
2024-01-22,469.2929992675781
2024-01-23,470.66168212890625
2024-01-24,471.1761474609375
2024-01-25,473.7388916015625
2024-01-26,473.1369934082031
2024-01-29,476.8839416503906
2024-01-30,476.51513671875
2024-01-31,468.7396545410156
2024-02-01,474.8746032714844
2024-02-02,479.8738098144531
2024-02-05,478.1264953613281
2024-02-06,479.5145568847656
2024-02-07,483.51397705078125
2024-02-08,483.7275390625
2024-02-09,486.523193359375
2024-02-12,486.30963134765625
2024-02-13,479.6116638183594
2024-02-14,483.97021484375
2024-02-15,487.3094482421875
2024-02-16,484.8826904296875
2024-02-20,482.2131652832031
2024-02-21,482.6500244140625
2024-02-22,492.6386413574219
2024-02-23,492.9784240722656
2024-02-26,491.17291259765625
2024-02-27,492.0853576660156
2024-02-28,491.43499755859375
2024-02-29,493.20166015625
2024-03-01,497.8320007324219
2024-03-04,497.29815673828125
2024-03-05,492.32806396484375
2024-03-06,494.82281494140625
2024-03-07,499.7346496582031
2024-03-08,496.7351379394531
2024-03-11,496.3080139160156
2024-03-12,501.64703369140625
2024-03-13,500.8606262207031
2024-03-14,499.8705749511719
2024-03-15,496.4381103515625
2024-03-18,499.3885498046875
2024-03-19,502.1636047363281
2024-03-20,506.8083801269531
2024-03-21,508.4832763671875
2024-03-22,507.5192565917969
2024-03-25,506.11700439453125
2024-03-26,505.1822204589844
2024-03-27,509.4277038574219
2024-03-28,509.330322265625
2024-04-01,508.4442138671875
2024-04-02,505.2114562988281
2024-04-03,505.76641845703125
2024-04-04,499.593017578125
2024-04-05,504.8122253417969
2024-04-08,505.0946044921875
2024-04-09,505.6788635253906
2024-04-10,500.61541748046875
2024-04-11,504.3935546875
2024-04-12,497.431396484375
2024-04-15,491.199462890625
2024-04-16,490.30364990234375
2024-04-17,487.40185546875
2024-04-18,486.39892578125
2024-04-19,482.15350341796875
2024-04-22,486.59375
2024-04-23,492.3678894042969
2024-04-24,492.13421630859375
2024-04-25,490.26470947265625
2024-04-26,494.9093933105469
2024-04-29,496.66204833984375
2024-04-30,488.79437255859375
2024-05-01,487.2071838378906
2024-05-02,491.76422119140625
2024-05-03,497.85980224609375
2024-05-06,503.0010986328125
2024-05-07,503.5561218261719
2024-05-08,503.604736328125
2024-05-09,506.5066223144531
2024-05-10,507.15899658203125
2024-05-13,507.2270202636719
2024-05-14,509.55426025390625
2024-05-15,515.8641357421875
2024-05-16,514.8027954101562
2024-05-17,515.542724609375
2024-05-20,516.1367797851562
2024-05-21,517.4025268554688
2024-05-22,515.9129028320312
2024-05-23,512.1444091796875
2024-05-24,515.5330200195312
2024-05-28,515.8933715820312
2024-05-29,512.2807006835938
2024-05-30,508.8824462890625
2024-05-31,513.5173950195312
2024-06-03,513.9360961914062
2024-06-04,514.5106201171875
2024-06-05,520.6256103515625
2024-06-06,520.6159057617188
2024-06-07,519.9829711914062
2024-06-10,521.589599609375
2024-06-11,522.8457641601562
2024-06-12,527.1399536132812
2024-06-13,528.2012939453125
2024-06-14,528.522705078125
2024-06-17,532.7291259765625
2024-06-18,534.0827026367188
2024-06-20,532.6317749023438
2024-06-21,531.9176635742188
2024-06-24,530.1885986328125
2024-06-25,532.2302856445312
2024-06-26,532.89453125
2024-06-27,533.7347412109375
2024-06-28,531.6343383789062
2024-07-01,532.7284545898438
2024-07-02,536.3136596679688
2024-07-03,538.70703125
2024-07-05,541.8134155273438
2024-07-08,542.4386596679688
2024-07-09,542.9661254882812
2024-07-10,548.3389282226562
2024-07-11,543.61083984375
2024-07-12,547.0396728515625
2024-07-15,548.5440063476562
2024-07-16,551.7969360351562
2024-07-17,544.0602416992188
2024-07-18,539.879150390625
2024-07-19,536.2941284179688
2024-07-22,541.8232421875
2024-07-23,540.973388671875
2024-07-24,528.7135620117188
2024-07-25,525.958740234375
2024-07-26,531.849365234375
2024-07-29,532.1619262695312
2024-07-30,529.4657592773438
2024-07-31,538.0719604492188
2024-08-01,530.452392578125
2024-08-02,520.5762329101562
2024-08-05,505.4151306152344
2024-08-06,510.0747375488281
2024-08-07,506.66546630859375
2024-08-08,518.3782348632812
2024-08-09,520.6640014648438
2024-08-12,520.9376831054688
2024-08-13,529.5046997070312
2024-08-14,531.17529296875
2024-08-15,540.2797241210938
2024-08-16,541.4910888671875
2024-08-19,546.66845703125
2024-08-20,545.779541015625
2024-08-21,547.6550903320312
2024-08-22,543.3568115234375
2024-08-23,549.1302490234375
2024-08-26,547.8211669921875
2024-08-27,548.5733642578125
2024-08-28,545.388916015625
2024-08-29,545.4375
2024-08-30,550.6443481445312
2024-09-03,539.3126831054688
2024-09-04,538.2088623046875
2024-09-05,536.8997192382812
2024-09-06,527.8635864257812
2024-09-09,533.7738037109375
2024-09-10,536.0987548828125
2024-09-11,541.5985717773438
2024-09-12,546.1605224609375
2024-09-13,549.012939453125
2024-09-16,549.82373046875
2024-09-17,550.0484008789062
2024-09-18,548.417236328125
2024-09-19,557.7755737304688
2024-09-20,556.8113403320312
2024-09-23,558.2027587890625
2024-09-24,559.7999877929688
2024-09-25,558.5652465820312
2024-09-26,560.77978515625
2024-09-27,559.9664916992188
2024-09-30,562.2103881835938
2024-10-01,557.1738891601562
2024-10-02,557.4090576171875
2024-10-03,556.3900146484375
2024-10-04,561.4461669921875
2024-10-07,556.3704223632812
2024-10-08,561.63232421875
2024-10-09,565.5223999023438
2024-10-10,564.5327758789062
2024-10-11,567.9132690429688
2024-10-14,572.5579223632812
2024-10-15,568.1093139648438
2024-10-16,570.5784301757812
2024-10-17,570.6275634765625
2024-10-18,572.8224487304688
2024-10-21,571.8817749023438
2024-10-22,571.5780639648438
2024-10-23,566.355224609375
2024-10-24,567.5801391601562
2024-10-25,567.3841552734375
2024-10-28,569.1381225585938
2024-10-29,570.0592041015625
2024-10-30,568.3346557617188
2024-10-31,557.1934814453125
2024-11-01,559.545166015625
2024-11-04,558.3399658203125
2024-11-05,565.0911865234375
2024-11-06,579.142578125
2024-11-07,583.62060546875
2024-11-08,586.1486206054688
2024-11-11,586.7072143554688
2024-11-12,584.8846435546875
2024-11-13,585.1687622070312
2024-11-14,581.4061279296875
2024-11-15,573.9591064453125
2024-11-18,576.310791015625
2024-11-19,578.41748046875
2024-11-20,578.6133422851562
2024-11-21,581.7195434570312
2024-11-22,583.5226440429688
2024-11-25,585.5020141601562
2024-11-26,588.55908203125
2024-11-27,586.7758178710938
2024-11-29,590.4208984375
2024-12-02,591.4791259765625
2024-12-03,591.7535400390625
2024-12-04,595.4280395507812
2024-12-05,594.4481201171875
2024-12-06,595.5750732421875
2024-12-09,592.5081176757812
2024-12-10,590.6658935546875
2024-12-11,595.2321166992188
2024-12-12,592.1651611328125
2024-12-13,592.0474243164062
2024-12-16,594.5755615234375
2024-12-17,592.1259155273438
2024-12-18,574.4784545898438
2024-12-19,574.3020629882812
2024-12-20,581.2000122070312
2024-12-23,584.6803588867188
2024-12-24,591.1790771484375
2024-12-26,591.2183837890625
2024-12-27,584.9949951171875
2024-12-30,578.3192749023438
2024-12-31,576.21533203125
2025-01-02,574.7994384765625
2025-01-03,581.9864501953125
2025-01-06,585.339111328125
2025-01-07,578.722412109375
2025-01-08,579.56787109375
2025-01-10,570.7192993164062
2025-01-13,571.6043090820312
2025-01-14,572.3907470703125
2025-01-15,582.802490234375
2025-01-16,581.6817016601562
2025-01-17,587.5217895507812
2025-01-21,592.8995971679688
2025-01-22,596.232666015625
2025-01-23,599.4868774414062
2025-01-24,597.7367553710938
2025-01-27,589.2815551757812
2025-01-28,594.3449096679688
2025-01-29,591.6806030273438
2025-01-30,594.8560791015625
2025-01-31,591.6903076171875
2025-02-03,587.70849609375
2025-02-04,591.6510620117188
2025-02-05,594.0499877929688
2025-02-06,596.1146240234375
2025-02-07,590.6580810546875
2025-02-10,594.6693725585938
2025-02-11,595.12158203125
2025-02-12,593.2044677734375
2025-02-13,599.4672241210938
2025-02-14,599.4376220703125
2025-02-18,601.1975708007812
2025-02-19,602.6133422851562
2025-02-20,600.1063232421875
2025-02-21,589.842041015625
2025-02-24,587.157958984375
2025-02-25,584.2379150390625
2025-02-26,584.5328369140625
2025-02-27,575.2025756835938
2025-02-28,584.1788940429688
2025-03-03,573.9441528320312
2025-03-04,567.1504516601562
2025-03-05,573.2460327148438
2025-03-06,563.0703125
2025-03-07,566.2262573242188
2025-03-10,551.1445922851562
2025-03-11,546.5629272460938
2025-03-12,549.4633178710938
2025-03-13,542.1386108398438
2025-03-14,553.3369750976562
2025-03-17,557.6038208007812
2025-03-18,551.5770263671875
2025-03-19,557.5841674804688
2025-03-20,555.9718627929688
2025-03-21,556.1552124023438
2025-03-24,566.1151733398438
2025-03-25,567.4760131835938
2025-03-26,560.7012939453125
2025-03-27,559.2122192382812
2025-03-28,547.95068359375
2025-03-31,551.6289672851562
2025-04-01,553.1870727539062
2025-04-02,556.6878051757812
2025-04-03,529.2537231445312
2025-04-04,498.26971435546875
2025-04-07,497.3822021484375
2025-04-08,489.591796875
2025-04-09,541.0084228515625
2025-04-10,517.3019409179688
2025-04-11,526.5320434570312
2025-04-14,531.64013671875
2025-04-15,530.151123046875
2025-04-16,518.3668823242188
2025-04-17,519.1065063476562
2025-04-21,506.7503967285156
2025-04-22,519.9348754882812
2025-04-23,527.991455078125
2025-04-24,539.1051635742188
2025-04-25,543.0003662109375
2025-04-28,543.2074584960938
2025-04-29,546.6292724609375
2025-04-30,546.8462524414062
2025-05-01,550.7216796875
2025-05-02,558.8967895507812
2025-05-05,555.6917724609375
2025-05-06,551.047119140625
2025-05-07,553.3645629882812
2025-05-08,557.22021484375
2025-05-09,556.5103149414062
2025-05-12,574.9015502929688
2025-05-13,578.6981811523438
2025-05-14,579.4376831054688
2025-05-15,582.2678833007812
2025-05-16,585.9559936523438
2025-05-19,586.596923828125
2025-05-20,584.6246948242188
2025-05-21,574.7732543945312
2025-05-22,575.0001831054688
2025-05-23,571.0753173828125
2025-05-27,582.9483642578125
2025-05-28,579.5758056640625
2025-05-29,581.863525390625
2025-05-30,581.2128295898438
2025-06-02,584.4866943359375
2025-06-03,587.8197631835938
2025-06-04,587.6619262695312
2025-06-05,584.8218994140625
2025-06-06,590.8274536132812
2025-06-09,591.3599243164062
2025-06-10,594.7127685546875
2025-06-11,593.0166625976562
2025-06-12,595.3734741210938
2025-06-13,588.7172241210938
2025-06-16,594.3182983398438
2025-06-17,589.2398071289062
2025-06-18,589.1510009765625
2025-06-20,587.7674560546875
2025-06-23,593.5730590820312
2025-06-24,600.13037109375
2025-06-25,600.4666748046875
2025-06-26,605.1646118164062
2025-06-27,608.1712646484375
2025-06-30,611.0790405273438
2025-07-01,610.8812866210938
2025-07-02,613.650634765625
2025-07-03,618.487060546875
2025-07-07,613.8779907226562
2025-07-08,613.5418090820312
2025-07-09,617.2210083007812
2025-07-10,618.961669921875
2025-07-11,616.785888671875
2025-07-14,617.9627685546875
2025-07-15,615.3220825195312
2025-07-16,617.3792114257812
2025-07-17,621.1574096679688
2025-07-18,620.7024536132812
2025-07-21,621.87939453125
2025-07-22,621.9683837890625
2025-07-23,627.259765625
2025-07-24,627.4674682617188
2025-07-25,630.1181030273438
2025-07-28,629.9598999023438
2025-07-29,628.2982788085938
2025-07-30,627.507080078125
2025-07-31,625.1531372070312
2025-08-01,614.9065551757812
2025-08-04,624.2531127929688
2025-08-05,621.088134765625
2025-08-06,625.845458984375
2025-08-07,625.3212890625
2025-08-08,630.1972045898438
2025-08-11,628.9510498046875
2025-08-12,635.6468505859375
2025-08-13,637.82275390625
2025-08-14,637.882080078125
2025-08-15,636.3886108398438
2025-08-18,636.2501831054688
2025-08-19,632.7984008789062
2025-08-20,631.1170043945312
2025-08-21,628.5851440429688
2025-08-22,638.2382202148438
2025-08-25,635.4292602539062
2025-08-26,638.0897827148438
2025-08-27,639.5436401367188
2025-08-28,641.8085327148438
2025-08-29,637.98095703125
2025-09-02,633.25341796875
2025-09-03,636.685302734375
2025-09-04,642.0064086914062
2025-09-05,640.14697265625
2025-09-08,641.7196044921875
2025-09-09,643.203125
2025-09-10,645.0625
2025-09-11,650.4231567382812
2025-09-12,650.2054443359375
2025-09-15,653.6671142578125
2025-09-16,652.7671508789062
2025-09-17,651.9561767578125
2025-09-18,655.0023193359375
2025-09-19,658.2465209960938
2025-09-22,661.3607177734375
2025-09-23,657.7606201171875
2025-09-24,655.6678466796875
2025-09-25,652.6429443359375
2025-09-26,656.3820190429688
2025-09-29,658.2266845703125
2025-09-30,660.7061157226562
2025-10-01,662.95751953125
2025-10-02,663.7210693359375
2025-10-03,663.7112426757812
2025-10-06,666.0914916992188
2025-10-07,663.6219482421875
2025-10-08,667.5791625976562
2025-10-09,665.6452026367188
2025-10-10,647.6542358398438
2025-10-13,657.5919189453125
2025-10-14,656.78857421875
2025-10-15,659.7044677734375
2025-10-16,655.211669921875
2025-10-17,658.9308471679688
2025-10-20,665.7840576171875
2025-10-21,665.7740478515625
2025-10-22,662.3128051757812
2025-10-23,666.2402954101562
2025-10-24,671.6851806640625
2025-10-27,679.6094970703125
2025-10-28,681.41455078125
2025-10-29,681.7418212890625
2025-10-30,674.2439575195312
2025-10-31,676.4556274414062
2025-11-03,677.7251586914062
2025-11-04,669.6917114257812
2025-11-05,672.012451171875
2025-11-06,664.8021850585938
2025-11-07,665.4567260742188
2025-11-10,675.8407592773438
2025-11-11,677.3878784179688
2025-11-12,677.7647705078125
2025-11-13,666.5179443359375
2025-11-14,666.408935546875
2025-11-17,660.2003173828125
2025-11-18,654.6563110351562
2025-11-19,657.1853637695312
2025-11-20,647.1683349609375
2025-11-21,653.6149291992188
2025-11-24,663.235107421875
2025-11-25,669.4734497070312
2025-11-26,674.09521484375
2025-11-28,677.7747192382812
2025-12-01,674.6803588867188
2025-12-02,675.9300537109375
2025-12-03,678.2706298828125
2025-12-04,678.7664794921875
2025-12-05,680.0557861328125
2025-12-08,678.0127563476562
2025-12-09,677.427490234375
2025-12-10,681.92041015625
2025-12-11,683.5072021484375
2025-12-12,676.1580810546875
2025-12-15,675.1365356445312
2025-12-16,673.2918701171875
2025-12-17,665.8832397460938
2025-12-18,670.9114990234375
2025-12-19,676.9923095703125
2025-12-22,681.2098999023438
2025-12-23,684.3233032226562
2025-12-24,686.7305297851562
2025-12-26,686.660888671875
2025-12-29,684.2138671875
2025-12-30,683.3783569335938
2025-12-31,678.3152465820312
2026-01-02,679.55859375
2026-01-05,684.0845336914062
2026-01-06,688.1529541015625
2026-01-07,685.9347534179688
2026-01-08,685.8651123046875
2026-01-09,690.4010009765625
2026-01-12,691.4852294921875
2026-01-13,690.1026000976562
2026-01-14,686.7106323242188
2026-01-15,688.5806884765625
2026-01-16,688.0037231445312
2026-01-20,673.9981689453125
2026-01-21,681.77685546875
2026-01-22,685.3379516601562
2026-01-23,685.5865478515625
2026-01-26,689.0680541992188
2026-01-27,691.8134765625
2026-01-28,691.7438354492188
2026-01-29,690.3711547851562
2026-01-30,688.3120727539062
2026-02-02,691.7339477539062
2026-02-03,685.885009765625
2026-02-04,682.5626831054688
2026-02-05,674.0379638671875
2026-02-06,686.96923828125
2026-02-09,690.2816772460938
2026-02-10,688.4613037109375
2026-02-11,688.3021850585938
2026-02-12,677.668701171875
2026-02-13,678.1461181640625
2026-02-17,679.2402954101562
2026-02-18,682.662109375
2026-02-19,680.8616333007812
2026-02-20,685.7855834960938
2026-02-23,678.7827758789062
2026-02-24,683.7164916992188
2026-02-25,689.4859008789062
2026-02-26,685.6561889648438
2026-02-27,682.3637084960938
2026-03-02,682.751708984375
2026-03-03,676.7337036132812
2026-03-04,681.5082397460938
2026-03-05,677.70849609375
2026-03-06,668.82568359375
2026-03-09,674.6845703125
2026-03-10,673.6002807617188
2026-03-11,672.7548217773438
2026-03-12,662.5390625
2026-03-13,658.7890014648438
2026-03-16,665.493408203125
2026-03-17,667.2440185546875
2026-03-18,657.9335327148438
2026-03-19,656.3121948242188
2026-03-20,646.9034423828125
2026-03-23,653.6959228515625
2026-03-24,651.5015869140625
2026-03-25,655.1322021484375
2026-03-26,643.432373046875
2026-03-27,632.4606323242188
2026-03-30,630.3460693359375
2026-03-31,648.6688842773438
2026-04-01,653.5562744140625
2026-04-02,654.144775390625
2026-04-06,657.23681640625
2026-04-07,657.5260009765625
2026-04-08,674.27294921875
2026-04-09,678.162841796875
2026-04-10,677.7140502929688
2026-04-13,684.3369750976562
2026-04-14,692.675537109375
2026-04-15,698.1414184570312
2026-04-16,699.8569946289062
2026-04-17,708.3152465820312
2026-04-20,706.8988037109375
2026-04-21,702.2708129882812
2026-04-22,709.3825073242188
2026-04-23,706.6295776367188
2026-04-24,712.10546875
2026-04-27,713.332275390625
2026-04-28,709.8612060546875
2026-04-29,709.7515258789062
2026-04-30,716.8132934570312
2026-05-01,718.7982177734375
2026-05-04,716.1649780273438
2026-05-05,721.9102172851562
2026-05-06,731.9443359375
2026-05-07,729.7001342773438
2026-05-08,735.724609375
2026-05-11,737.4002685546875
2026-05-12,736.2831420898438
2026-05-13,740.4025268554688
2026-05-14,746.2474975585938
2026-05-15,737.2706298828125
2026-05-18,736.751953125
2026-05-19,731.8446044921875
2026-05-20,739.3452758789062
2026-05-21,740.8114624023438
2026-05-22,743.7239990234375
2026-05-26,748.6613159179688
2026-05-27,748.5316162109375
2026-05-28,752.6609497070312
2026-05-29,754.5361328125
2026-06-01,756.5908203125
2026-06-02,757.6182250976562
2026-06-03,752.3018798828125
2026-06-04,755.1445922851562
2026-06-05,735.65478515625
2026-06-08,737.3204345703125
2026-06-09,735.1560668945312
2026-06-10,723.56591796875
2026-06-11,735.8642578125
2026-06-12,739.843994140625
2026-06-15,752.890380859375
2026-06-16,748.4019775390625
2026-06-17,739.0560302734375
2026-06-18,746.739990234375
2026-06-22,744.3900146484375
2026-06-23,733.5800170898438
2026-06-24,733.239990234375
2026-06-25,734.2999877929688
2026-06-26,728.989990234375
2026-06-29,741.0
2026-06-30,746.77001953125
2026-07-01,745.760009765625
2026-07-02,744.780029296875
2026-07-06,751.280029296875
2026-07-07,747.7100219726562
2026-07-08,745.4000244140625
2026-07-09,751.7100219726562
2026-07-10,754.9500122070312
2026-07-13,749.1699829101562
2026-07-14,751.8300170898438
2026-07-15,754.8099975585938
2026-07-16,750.719970703125
2026-07-17,743.2899780273438
2026-07-20,742.0900268554688
2026-07-21,748.280029296875
2026-07-22,747.4099731445312
2026-07-23,738.1799926757812
2026-07-24,738.9299926757812
2026-07-27,739.0900268554688
2026-07-28,740.8599853515625
2026-07-29,729.4600219726562
2026-07-30,741.6900024414062
2026-07-31,747.030029296875
2026-08-03,757.6699829101562
2026-08-04,771.3300170898438
2026-08-05,769.7899780273438
2026-08-06,768.5599975585938
2026-08-07,773.260009765625
2026-08-10,773.030029296875
2026-08-11,770.5599975585938
2026-08-12,772.489990234375
2026-08-13,777.8800048828125
2026-08-14,776.3400268554688
2026-08-17,772.6699829101562
2026-08-18,767.4500122070312
2026-08-19,769.0599975585938
2026-08-20,762.5999755859375
2026-08-21,765.719970703125
2026-08-24,763.469970703125
2026-08-25,765.9099731445312
2026-08-26,766.0800170898438
2026-08-27,771.0999755859375
2026-08-28,769.3499755859375
2026-08-31,767.0499877929688
2026-09-01,761.780029296875
2026-09-02,765.3099975585938
